{"@meta": {"operation": "TitleBusinessV2", "requestId": "8417757f-7d50-4fff-b1ce-dbaf68a5ad5c", "serviceTimeMs": 7.139286}, "resource": {"@type": "imdb.api.title.v2.business", "id": "/title/tt0018737/", "title": "Pandora's Box", "titleType": "movie", "year": 1929, "gross": {"aggregations": [{"area": "XWW", "areaName": "World-wide", "total": {"amount": 62686, "currency": "USD"}}, {"area": "XNDOM", "areaName": "International", "total": {"amount": 9201, "currency": "USD"}}], "regional": [{"region": "XDOM", "regionName": "Domestic", "total": {"amount": 53485, "currency": "USD"}}, {"region": "GB", "regionName": "United Kingdom", "total": {"amount": 9201, "currency": "USD"}}]}, "openingWeekendGross": {"aggregations": [{"area": "XWW", "areaName": "World-wide", "total": {"amount": 9950, "currency": "USD"}}], "regional": [{"region": "XDOM", "regionName": "Domestic", "total": {"amount": 9950, "currency": "USD"}}, {"region": "GB", "regionName": "United Kingdom", "total": {"amount": 3987, "currency": "USD"}}]}}}