{"@meta": {"operation": "TitleBusinessV2", "requestId": "b7bd2638-6664-44f5-8684-a5fb6b12d473", "serviceTimeMs": 15.223136}, "resource": {"@type": "imdb.api.title.v2.business", "id": "/title/tt0012494/", "title": "Destiny", "titleType": "movie", "year": 1921, "gross": {"aggregations": [{"area": "XWW", "areaName": "World-wide", "total": {"amount": 12156, "currency": "USD"}}], "regional": [{"region": "XDOM", "regionName": "Domestic", "total": {"amount": 12156, "currency": "USD"}}]}, "openingWeekendGross": {"aggregations": [{"area": "XWW", "areaName": "World-wide", "total": {"amount": 2334, "currency": "USD"}}], "regional": [{"region": "XDOM", "regionName": "Domestic", "total": {"amount": 2334, "currency": "USD"}}]}}}