{"@meta": {"operation": "TitleBusinessV2", "requestId": "714f72ed-d9cf-40a1-80a3-4ee2ec6f79e9", "serviceTimeMs": 9.902549}, "resource": {"@type": "imdb.api.title.v2.business", "id": "/title/tt0018773/", "title": "The Circus", "titleType": "movie", "year": 1928, "budget": {"amount": 900000.0, "currency": "USD"}, "gross": {"aggregations": [{"area": "XNDOM", "areaName": "International", "total": {"amount": 27410, "currency": "USD"}}, {"area": "XWW", "areaName": "World-wide", "total": {"amount": 27410, "currency": "USD"}}], "regional": [{"region": "FR", "regionName": "France", "total": {"amount": 26916, "currency": "USD"}}, {"region": "NZ", "regionName": "New Zealand", "total": {"amount": 494, "currency": "USD"}}]}, "openingWeekendGross": {"regional": [{"region": "FR", "regionName": "France", "total": {"amount": 24094, "currency": "USD"}}, {"region": "NZ", "regionName": "New Zealand", "total": {"amount": 8, "currency": "USD"}}]}}}