{"@meta": {"operation": "TitleBusinessV2", "requestId": "65690e0c-2f16-4f2b-bc5d-372af62210d8", "serviceTimeMs": 8.154005}, "resource": {"@type": "imdb.api.title.v2.business", "id": "/title/tt0012190/", "title": "The Four Horsemen of the Apocalypse", "titleType": "movie", "year": 1921, "budget": {"amount": 800000, "currency": "USD"}, "gross": {"aggregations": [{"area": "XWW", "areaName": "World-wide", "total": {"amount": 9183673, "currency": "USD"}}], "regional": [{"region": "XDOM", "regionName": "Domestic", "total": {"amount": 9183673, "currency": "USD"}}]}}}