{"@meta": {"operation": "TitleBusinessV2", "requestId": "efd17ac6-4240-49b7-8ef5-6a85cb689a80", "serviceTimeMs": 6.287538}, "resource": {"@type": "imdb.api.title.v2.business", "id": "/title/tt0012378/", "title": "The Last Door", "titleType": "movie", "year": 1921, "gross": {"aggregations": [{"area": "XWW", "areaName": "World-wide", "total": {"amount": 488, "currency": "USD"}}], "regional": [{"region": "XDOM", "regionName": "Domestic", "total": {"amount": 488, "currency": "USD"}}]}, "openingWeekendGross": {"aggregations": [{"area": "XWW", "areaName": "World-wide", "total": {"amount": 488, "currency": "USD"}}], "regional": [{"region": "XDOM", "regionName": "Domestic", "total": {"amount": 488, "currency": "USD"}}]}}}