{"@meta": {"operation": "TitleBusinessV2", "requestId": "5cd6053f-99ba-4e04-afeb-8367dda9da6e", "serviceTimeMs": 9.267449}, "resource": {"@type": "imdb.api.title.v2.business", "id": "/title/tt0013442/", "title": "Nosferatu", "titleType": "movie", "year": 1922, "gross": {"aggregations": [{"area": "XNDOM", "areaName": "International", "total": {"amount": 19054, "currency": "USD"}}, {"area": "XWW", "areaName": "World-wide", "total": {"amount": 19054, "currency": "USD"}}], "regional": [{"region": "CZ", "regionName": "Czech Republic", "total": {"amount": 19054, "currency": "USD"}}]}}}