{"@meta": {"operation": "TitleBusinessV2", "requestId": "55ecc585-1f32-4e07-9a4d-032cc9a850fc", "serviceTimeMs": 23.56331}, "resource": {"@type": "imdb.api.title.v2.business", "id": "/title/tt0018513/", "title": "Twelve Miles Out", "titleType": "movie", "year": 1927, "gross": {"regional": [{"region": "XDOM", "regionName": "Domestic", "total": {"amount": 449700.0, "currency": "USD"}}]}, "openingWeekendGross": {"regional": [{"region": "XDOM", "regionName": "Domestic", "total": {"amount": 59000.0, "currency": "USD"}}]}}}