{"@meta": {"operation": "TitleBusinessV2", "requestId": "799d666a-b68d-4e7d-bee9-9988700aa7f9", "serviceTimeMs": 7.61584}, "resource": {"@type": "imdb.api.title.v2.business", "id": "/title/tt0017136/", "title": "Metropolis", "titleType": "movie", "year": 1927, "budget": {"amount": 6000000.0, "currency": "DEM"}, "gross": {"aggregations": [{"area": "XWW", "areaName": "World-wide", "total": {"amount": 1349711, "currency": "USD"}}, {"area": "XNDOM", "areaName": "International", "total": {"amount": 113545, "currency": "USD"}}], "regional": [{"region": "XDOM", "regionName": "Domestic", "total": {"amount": 1236166, "currency": "USD"}}, {"region": "DE", "regionName": "Germany", "total": {"amount": 68916, "currency": "USD"}}, {"region": "FR", "regionName": "France", "total": {"amount": 27869, "currency": "USD"}}, {"region": "AT", "regionName": "Austria", "total": {"amount": 16760, "currency": "USD"}}]}, "openingWeekendGross": {"aggregations": [{"area": "XWW", "areaName": "World-wide", "total": {"amount": 19386, "currency": "USD"}}], "regional": [{"region": "DE", "regionName": "Germany", "total": {"amount": 34108, "currency": "USD"}}, {"region": "FR", "regionName": "France", "total": {"amount": 27869, "currency": "USD"}}, {"region": "XDOM", "regionName": "Domestic", "total": {"amount": 19386, "currency": "USD"}}, {"region": "AT", "regionName": "Austria", "total": {"amount": 2482, "currency": "USD"}}]}}}