{"@meta": {"operation": "TitleBusinessV2", "requestId": "e55dac88-5c01-48f5-8143-b5efa9b33d9b", "serviceTimeMs": 6.137432}, "resource": {"@type": "imdb.api.title.v2.business", "id": "/title/tt0017162/", "title": "Moana", "titleType": "movie", "year": 1926, "gross": {"aggregations": [{"area": "XWW", "areaName": "World-wide", "total": {"amount": 2993, "currency": "USD"}}], "regional": [{"region": "XDOM", "regionName": "Domestic", "total": {"amount": 2993, "currency": "USD"}}]}, "openingWeekendGross": {"aggregations": [{"area": "XWW", "areaName": "World-wide", "total": {"amount": 2274, "currency": "USD"}}], "regional": [{"region": "XDOM", "regionName": "Domestic", "total": {"amount": 2274, "currency": "USD"}}]}}}