{"@meta": {"operation": "TitleBusinessV2", "requestId": "02c6fa4d-6c91-4119-bf1a-f1644ad58ae1", "serviceTimeMs": 6.680926}, "resource": {"@type": "imdb.api.title.v2.business", "id": "/title/tt0018192/", "title": "Napoleon", "titleType": "movie", "year": 1927, "budget": {"amount": 20000000.0, "currency": "FRF"}, "gross": {"aggregations": [{"area": "XWW", "areaName": "World-wide", "total": {"amount": 39448, "currency": "USD"}}, {"area": "XNDOM", "areaName": "International", "total": {"amount": 39448, "currency": "USD"}}], "regional": [{"region": "GB", "regionName": "United Kingdom", "total": {"amount": 39448, "currency": "USD"}}]}, "openingWeekendGross": {"regional": [{"region": "GB", "regionName": "United Kingdom", "total": {"amount": 25602, "currency": "USD"}}]}}}