{"@meta": {"operation": "TitleBusinessV2", "requestId": "f9c9ce3f-350a-4060-82fa-4c896b9ebad5", "serviceTimeMs": 5.884342}, "resource": {"@type": "imdb.api.title.v2.business", "id": "/title/tt0019254/", "title": "The Passion of Joan of Arc", "titleType": "movie", "year": 1928, "gross": {"aggregations": [{"area": "XWW", "areaName": "World-wide", "total": {"amount": 21877, "currency": "USD"}}], "regional": [{"region": "XDOM", "regionName": "Domestic", "total": {"amount": 21877, "currency": "USD"}}]}, "openingWeekendGross": {"aggregations": [{"area": "XWW", "areaName": "World-wide", "total": {"amount": 6408, "currency": "USD"}}], "regional": [{"region": "XDOM", "regionName": "Domestic", "total": {"amount": 6408, "currency": "USD"}}]}}}