{"@meta": {"operation": "TitleBusinessV2", "requestId": "8fc7aa73-6588-4c4b-82fb-1af512a1e603", "serviceTimeMs": 7.735789}, "resource": {"@type": "imdb.api.title.v2.business", "id": "/title/tt0017416/", "title": "The Son of the Sheik", "titleType": "movie", "year": 1926, "gross": {"aggregations": [{"area": "XWW", "areaName": "World-wide", "total": {"amount": 4360000.0, "currency": "USD"}}], "regional": [{"region": "XDOM", "regionName": "Domestic", "total": {"amount": 1562733.0, "currency": "USD"}}]}}}