{"@meta": {"operation": "TitleBusinessV2", "requestId": "584d5f0d-be6a-4c96-94a5-85a847f865a6", "serviceTimeMs": 6.315294}, "resource": {"@type": "imdb.api.title.v2.business", "id": "/title/tt0019374/", "title": "Shiraz", "titleType": "movie", "year": 1928, "gross": {"aggregations": [{"area": "XWW", "areaName": "World-wide", "total": {"amount": 16467, "currency": "USD"}}, {"area": "XNDOM", "areaName": "International", "total": {"amount": 16467, "currency": "USD"}}], "regional": [{"region": "GB", "regionName": "United Kingdom", "total": {"amount": 16467, "currency": "USD"}}]}, "openingWeekendGross": {"regional": [{"region": "GB", "regionName": "United Kingdom", "total": {"amount": 2180, "currency": "USD"}}]}}}