{"@meta": {"operation": "TitleBusinessV2", "requestId": "c940a4f5-0558-4ac0-b7f0-42e4b1ebfe1d", "serviceTimeMs": 7.085519}, "resource": {"@type": "imdb.api.title.v2.business", "id": "/title/tt0018455/", "title": "Sunrise", "titleType": "movie", "year": 1927, "budget": {"amount": 200000.0, "currency": "USD"}, "gross": {"aggregations": [{"area": "XNDOM", "areaName": "International", "total": {"amount": 121107, "currency": "USD"}}, {"area": "XWW", "areaName": "World-wide", "total": {"amount": 121107, "currency": "USD"}}], "regional": [{"region": "IT", "regionName": "Italy", "total": {"amount": 121107, "currency": "USD"}}]}, "openingWeekendGross": {"regional": [{"region": "IT", "regionName": "Italy", "total": {"amount": 10683, "currency": "USD"}}]}}}