{"@meta": {"operation": "TitleBusinessV2", "requestId": "b9bba42d-96b9-4a20-ac23-4891f5cc67b5", "serviceTimeMs": 6.487384}, "resource": {"@type": "imdb.api.title.v2.business", "id": "/title/tt0016220/", "title": "The Phantom of the Opera", "titleType": "movie", "year": 1925, "gross": {"aggregations": [{"area": "XWW", "areaName": "World-wide", "total": {"amount": 4360000.0, "currency": "USD"}}], "regional": [{"region": "XDOM", "regionName": "Domestic", "total": {"amount": 3751476.0, "currency": "USD"}}]}}}