{"@meta": {"operation": "TitleBusinessV2", "requestId": "461fd70c-3a92-4d8e-86f0-398473f33b50", "serviceTimeMs": 38.582007}, "resource": {"@type": "imdb.api.title.v2.business", "id": "/title/tt0018578/", "title": "Wings", "titleType": "movie", "year": 1927, "budget": {"amount": 2000000.0, "currency": "USD"}, "gross": {"aggregations": [{"area": "XNDOM", "areaName": "International", "total": {"amount": 746, "currency": "USD"}}, {"area": "XWW", "areaName": "World-wide", "total": {"amount": 746, "currency": "USD"}}], "regional": [{"region": "PT", "regionName": "Portugal", "total": {"amount": 746, "currency": "USD"}}]}, "openingWeekendGross": {"regional": [{"region": "PT", "regionName": "Portugal", "total": {"amount": 746, "currency": "USD"}}]}}}