{"@meta": {"operation": "TitleBusinessV2", "requestId": "b9bdce4b-348c-418c-a4d2-17d6feaec193", "serviceTimeMs": 7.699232}, "resource": {"@type": "imdb.api.title.v2.business", "id": "/title/tt0010323/", "title": "The Cabinet of Dr. Caligari", "titleType": "movie", "year": 1920, "budget": {"amount": 18000.0, "currency": "USD"}, "gross": {"aggregations": [{"area": "XWW", "areaName": "World-wide", "total": {"amount": 8811, "currency": "USD"}}], "regional": [{"region": "XDOM", "regionName": "Domestic", "total": {"amount": 8811, "currency": "USD"}}]}}}