{"@meta": {"operation": "TitleBusinessV2", "requestId": "12d7799f-2d80-467c-a2dc-411dfe331d1e", "serviceTimeMs": 6.919033}, "resource": {"@type": "imdb.api.title.v2.business", "id": "/title/tt0019130/", "title": "The Man Who Laughs", "titleType": "movie", "year": 1928, "gross": {"aggregations": [{"area": "XNDOM", "areaName": "International", "total": {"amount": 4347, "currency": "USD"}}, {"area": "XWW", "areaName": "World-wide", "total": {"amount": 4347, "currency": "USD"}}], "regional": [{"region": "FR", "regionName": "France", "total": {"amount": 4347, "currency": "USD"}}]}}}