{"@meta": {"operation": "TitleBusinessV2", "requestId": "d5f7879f-d140-4418-8636-aada2cb5c603", "serviceTimeMs": 15.585458}, "resource": {"@type": "imdb.api.title.v2.business", "id": "/title/tt0015532/", "title": "The Adventures of Prince Achmed", "titleType": "movie", "year": 1926, "gross": {"aggregations": [{"area": "XNDOM", "areaName": "International", "total": {"amount": 100156, "currency": "USD"}}, {"area": "XWW", "areaName": "World-wide", "total": {"amount": 100156, "currency": "USD"}}], "regional": [{"region": "FR", "regionName": "France", "total": {"amount": 100156, "currency": "USD"}}]}, "openingWeekendGross": {"regional": [{"region": "FR", "regionName": "France", "total": {"amount": 20823, "currency": "USD"}}]}}}