{"@meta": {"operation": "TitleBusinessV2", "requestId": "84c7ad37-5c98-47bc-bb48-37d10295c24d", "serviceTimeMs": 6.694622}, "resource": {"@type": "imdb.api.title.v2.business", "id": "/title/tt0015648/", "title": "Battleship Potemkin", "titleType": "movie", "year": 1925, "gross": {"aggregations": [{"area": "XWW", "areaName": "World-wide", "total": {"amount": 61389, "currency": "USD"}}, {"area": "XNDOM", "areaName": "International", "total": {"amount": 10191, "currency": "USD"}}], "regional": [{"region": "XDOM", "regionName": "Domestic", "total": {"amount": 51198, "currency": "USD"}}, {"region": "GB", "regionName": "United Kingdom", "total": {"amount": 6422, "currency": "USD"}}, {"region": "PT", "regionName": "Portugal", "total": {"amount": 3769, "currency": "USD"}}]}, "openingWeekendGross": {"aggregations": [{"area": "XWW", "areaName": "World-wide", "total": {"amount": 5641, "currency": "USD"}}], "regional": [{"region": "GB", "regionName": "United Kingdom", "total": {"amount": 6422, "currency": "USD"}}, {"region": "XDOM", "regionName": "Domestic", "total": {"amount": 5641, "currency": "USD"}}, {"region": "PT", "regionName": "Portugal", "total": {"amount": 1570, "currency": "USD"}}]}}}