{"@meta": {"operation": "TitleBusinessV2", "requestId": "80ded02b-ec4c-45bb-9001-8168bb6db617", "serviceTimeMs": 7.677428}, "resource": {"@type": "imdb.api.title.v2.business", "id": "/title/tt0016039/", "title": "The Lost World", "titleType": "movie", "year": 1925, "gross": {"aggregations": [{"area": "XWW", "areaName": "World-wide", "total": {"amount": 2834000.0, "currency": "USD"}}], "regional": [{"region": "XDOM", "regionName": "Domestic", "total": {"amount": 1194450.0, "currency": "USD"}}]}}}