{"@meta": {"operation": "TitleBusinessV2", "requestId": "0f538150-668f-41d6-aebe-7288030121b2", "serviceTimeMs": 6.707259}, "resource": {"@type": "imdb.api.title.v2.business", "id": "/title/tt0019388/", "title": "The Singing Fool", "titleType": "movie", "year": 1928, "gross": {"aggregations": [{"area": "XWW", "areaName": "World-wide", "total": {"amount": 12862000.0, "currency": "USD"}}], "regional": [{"region": "XDOM", "regionName": "Domestic", "total": {"amount": 10900000.0, "currency": "USD"}}]}}}