{"@meta": {"operation": "TitleBusinessV2", "requestId": "8d005780-b058-4b71-bf37-023f3096fd86", "serviceTimeMs": 7.302047}, "resource": {"@type": "imdb.api.title.v2.business", "id": "/title/tt0018528/", "title": "The Unknown", "titleType": "movie", "year": 1927, "budget": {"amount": 217000.0, "currency": "USD"}, "gross": {"aggregations": [{"area": "XNDOM", "areaName": "International", "total": {"amount": 4841, "currency": "USD"}}, {"area": "XWW", "areaName": "World-wide", "total": {"amount": 4841, "currency": "USD"}}], "regional": [{"region": "FR", "regionName": "France", "total": {"amount": 4841, "currency": "USD"}}]}}}