{"@meta": {"operation": "TitleBusinessV2", "requestId": "c862c1f6-630a-41b5-af41-5fc0c008b674", "serviceTimeMs": 11.348474}, "resource": {"@type": "imdb.api.title.v2.business", "id": "/title/tt0014090/", "title": "The Gold Diggers", "titleType": "movie", "year": 1923, "gross": {"aggregations": [{"area": "XWW", "areaName": "World-wide", "total": {"amount": 1048580.0, "currency": "USD"}}], "regional": [{"region": "XDOM", "regionName": "Domestic", "total": {"amount": 1024600.0, "currency": "USD"}}]}}}