{"@meta": {"operation": "TitleBusinessV2", "requestId": "0bb34b25-25cc-4590-a76a-dd489e51f19f", "serviceTimeMs": 6.863544}, "resource": {"@type": "imdb.api.title.v2.business", "id": "/title/tt0012349/", "title": "The Kid", "titleType": "movie", "year": 1921, "budget": {"amount": 250000.0, "currency": "USD"}, "gross": {"aggregations": [{"area": "XNDOM", "areaName": "International", "total": {"amount": 40759, "currency": "USD"}}, {"area": "XWW", "areaName": "World-wide", "total": {"amount": 40759, "currency": "USD"}}], "regional": [{"region": "FR", "regionName": "France", "total": {"amount": 26916, "currency": "USD"}}, {"region": "AU", "regionName": "Australia", "total": {"amount": 9244, "currency": "USD"}}, {"region": "NZ", "regionName": "New Zealand", "total": {"amount": 4599, "currency": "USD"}}]}, "openingWeekendGross": {"regional": [{"region": "FR", "regionName": "France", "total": {"amount": 24094, "currency": "USD"}}, {"region": "AU", "regionName": "Australia", "total": {"amount": 2761, "currency": "USD"}}, {"region": "NZ", "regionName": "New Zealand", "total": {"amount": 1770, "currency": "USD"}}]}}}