{"@meta": {"operation": "TitleBusinessV2", "requestId": "a105b5a0-acc0-4f00-9da8-5140cfe40e28", "serviceTimeMs": 8.632597}, "resource": {"@type": "imdb.api.title.v2.business", "id": "/title/tt0012397/", "title": "Little Lord Fauntleroy", "titleType": "movie", "year": 1921, "gross": {"aggregations": [{"area": "XWW", "areaName": "World-wide", "total": {"amount": 1108882.0, "currency": "USD"}}], "regional": [{"region": "XDOM", "regionName": "Domestic", "total": {"amount": 900000.0, "currency": "USD"}}, {"region": "ES", "regionName": "Spain", "total": {"amount": 311965.0, "currency": "ESP"}}]}}}