{"@meta": {"operation": "TitleBusinessV2", "requestId": "5b45c839-320e-4bce-9b77-cbdcb65fcc2b", "serviceTimeMs": 8.869074}, "resource": {"@type": "imdb.api.title.v2.business", "id": "/title/tt0010180/", "title": "Godovshchina revolyutsii", "titleType": "movie", "year": 1918, "gross": {"aggregations": [{"area": "XR2", "areaName": "Russia and Commonwealth of Independent States", "total": {"amount": 9685, "currency": "USD"}}, {"area": "XNDOM", "areaName": "International", "total": {"amount": 9685, "currency": "USD"}}, {"area": "XWW", "areaName": "World-wide", "total": {"amount": 9685, "currency": "USD"}}]}, "openingWeekendGross": {"aggregations": [{"area": "XR2", "areaName": "Russia and Commonwealth of Independent States", "total": {"amount": 4178, "currency": "USD"}}]}}}