{"@meta": {"operation": "TitleBusinessV2", "requestId": "0357f94b-a191-4803-b825-52e7500c81cb", "serviceTimeMs": 13.147812}, "resource": {"@type": "imdb.api.title.v2.business", "id": "/title/tt0015864/", "title": "The Gold Rush", "titleType": "movie", "year": 1925, "budget": {"amount": 923000.0, "currency": "USD"}, "gross": {"aggregations": [{"area": "XWW", "areaName": "World-wide", "total": {"amount": 26916, "currency": "USD"}}, {"area": "XNDOM", "areaName": "International", "total": {"amount": 26916, "currency": "USD"}}], "regional": [{"region": "FR", "regionName": "France", "total": {"amount": 26916, "currency": "USD"}}]}, "openingWeekendGross": {"regional": [{"region": "FR", "regionName": "France", "total": {"amount": 24094, "currency": "USD"}}]}}}