{"@meta": {"operation": "TitleBusinessV2", "requestId": "96c50d92-075d-47fe-bf84-b053244bdad8", "serviceTimeMs": 34.268472}, "resource": {"@type": "imdb.api.title.v2.business", "id": "/title/tt0015841/", "title": "The Freshman", "titleType": "movie", "year": 1925, "gross": {"aggregations": [{"area": "XWW", "areaName": "World-wide", "total": {"amount": 5668000.0, "currency": "USD"}}], "regional": [{"region": "XDOM", "regionName": "Domestic", "total": {"amount": 1392.0, "currency": "USD"}}]}, "openingWeekendGross": {"regional": [{"region": "XDOM", "regionName": "Domestic", "total": {"amount": 1392.0, "currency": "USD"}}]}}}