{"@meta": {"operation": "TitleBusinessV2", "requestId": "afa8dc3f-baf0-43f0-8541-7815af7ce9b5", "serviceTimeMs": 7.352899}, "resource": {"@type": "imdb.api.title.v2.business", "id": "/title/tt0017075/", "title": "The Lodger: A Story of the London Fog", "titleType": "movie", "year": 1927, "budget": {"amount": 12000.0, "currency": "GBP"}, "gross": {"aggregations": [{"area": "XNDOM", "areaName": "International", "total": {"amount": 83260, "currency": "USD"}}, {"area": "XWW", "areaName": "World-wide", "total": {"amount": 83260, "currency": "USD"}}], "regional": [{"region": "GB", "regionName": "United Kingdom", "total": {"amount": 83260, "currency": "USD"}}]}, "openingWeekendGross": {"regional": [{"region": "GB", "regionName": "United Kingdom", "total": {"amount": 47279, "currency": "USD"}}]}}}