{"@meta": {"operation": "TitleBusinessV2", "requestId": "50306d5f-722d-4ef1-a84c-b946a93e20a1", "serviceTimeMs": 8.636458}, "resource": {"@type": "imdb.api.title.v2.business", "id": "/title/tt0014624/", "title": "A Woman of Paris: A Drama of Fate", "titleType": "movie", "year": 1923, "budget": {"amount": 351000.0, "currency": "USD"}, "gross": {"aggregations": [{"area": "XWW", "areaName": "World-wide", "total": {"amount": 11233, "currency": "USD"}}, {"area": "XNDOM", "areaName": "International", "total": {"amount": 11233, "currency": "USD"}}], "regional": [{"region": "CO", "regionName": "Colombia", "total": {"amount": 11233, "currency": "USD"}}]}}}