{"@meta": {"operation": "TitleBusinessV2", "requestId": "fa4f2fca-3538-47f6-b1f1-1bfc75149523", "serviceTimeMs": 9.141231}, "resource": {"@type": "imdb.api.title.v2.business", "id": "/title/tt0011440/", "title": "Markens gr\u00f8de", "titleType": "movie", "year": 1921, "budget": {"amount": 250000.0, "currency": "NOK"}, "gross": {"aggregations": [{"area": "XNDOM", "areaName": "International", "total": {"amount": 4272, "currency": "USD"}}, {"area": "XWW", "areaName": "World-wide", "total": {"amount": 4272, "currency": "USD"}}], "regional": [{"region": "ES", "regionName": "Spain", "total": {"amount": 4272, "currency": "USD"}}]}, "openingWeekendGross": {"regional": [{"region": "ES", "regionName": "Spain", "total": {"amount": 1722, "currency": "USD"}}]}}}